{"stat.useItem.72":3,"achievement.openInventory":61,"stat.useItem.151":2,"stat.damageDealt":40,"stat.useItem.23":2,"stat.useItem.96":13,"stat.useItem.3":72,"achievement.exploreAllBiomes":{"value":0,"progress":["Plains"]},"stat.useItem.323":6,"stat.flyOneCm":27737,"stat.drop":6,"stat.useItem.155":24,"stat.useItem.76":9,"stat.useItem.29":1,"stat.useItem.383":33,"stat.useItem.159":24,"stat.playOneMinute":35612,"stat.useItem.61":2,"stat.killEntity.Pig":1,"stat.useItem.85":75,"stat.jump":98,"stat.useItem.58":3,"stat.useItem.1":28,"stat.useItem.20":41,"stat.useItem.331":31,"stat.mobKills":34,"stat.useItem.389":7,"stat.useItem.137":2,"stat.walkOneCm":133426,"stat.killEntity.Silverfish":33}